Name,Price,Unit,Category,Image URL,Product URL,Description
Chân giò heo nhập khẩu 300g giá tốt tại Bách hoá XANH,13,300g,Thịt heo,https://cdnv2.tgdd.vn/bhx-static/bhx/Products/Images/8781/226838/bhx/chan-gio-heo-tui-500g_202511031521052260.jpg,https://www.bachhoaxanh.com/thit-heo/chan-gio-heo-tui-500g,"Bách Hoá Xanh – chuỗi cửa hàng bán lẻ thực phẩm, hàng tiêu dùng, mỹ phẩm uy tín hàng đầu tại Việt Nam. Mua sắm tiện lợi, giá tốt, sản phẩm chất lượng!"
Chân giò heo nhập khẩu giá tốt tại Bách hoá XANH,29,,Thịt heo,https://cdnv2.tgdd.vn/bhx-static/bhx/Products/Images/8781/233758/bhx/chan-gio-heo-nhap-khau-1kg_202511031508014310.jpg,https://www.bachhoaxanh.com/thit-heo/chan-gio-heo-nhap-khau-1kg,"Bách Hoá Xanh – chuỗi cửa hàng bán lẻ thực phẩm, hàng tiêu dùng, mỹ phẩm uy tín hàng đầu tại Việt Nam. Mua sắm tiện lợi, giá tốt, sản phẩm chất lượng!"
Xương que nhập khẩu đông lạnh 500g giá tốt tại Bách hoá XANH,29,500g,Thịt heo,https://cdnv2.tgdd.vn/bhx-static/bhx/Products/Images/8781/249017/bhx/xuong-que-heo-nhap-khau-dong-lanh-tui-500g_202511031521551395.jpg,https://www.bachhoaxanh.com/thit-heo/xuong-que-heo-nhap-khau-dong-lanh-tui-500g,"Bách Hoá Xanh – chuỗi cửa hàng bán lẻ thực phẩm, hàng tiêu dùng, mỹ phẩm uy tín hàng đầu tại Việt Nam. Mua sắm tiện lợi, giá tốt, sản phẩm chất lượng!"
Sườn non heo nhập khẩu Brazil 300g tại Bách hoá XANH,48,300g,Thịt heo,https://cdnv2.tgdd.vn/bhx-static/bhx/Products/Images/8781/341819/bhx/suon-non-heo-brazil-3kg_202511031509329284.jpg,https://www.bachhoaxanh.com/thit-heo/suon-non-heo-brazil-3kg,"Bách Hoá Xanh – chuỗi cửa hàng bán lẻ thực phẩm, hàng tiêu dùng, mỹ phẩm uy tín hàng đầu tại Việt Nam. Mua sắm tiện lợi, giá tốt, sản phẩm chất lượng!"
Sườn cốt lết heo làm sạch 500g giá tốt tại Bách hoá XANH,64,500g,Thịt heo,https://cdnv2.tgdd.vn/bhx-static/bhx/Products/Images/8781/226943/bhx/suon-cot-let-tui-500g_202511041611101668.jpg,https://www.bachhoaxanh.com/thit-heo/suon-cot-let-tui-500g,"Bách Hoá Xanh – chuỗi cửa hàng bán lẻ thực phẩm, hàng tiêu dùng, mỹ phẩm uy tín hàng đầu tại Việt Nam. Mua sắm tiện lợi, giá tốt, sản phẩm chất lượng!"
Sườn cốt lết C.P giá tốt tại Bách hoá XANH,38,,Thịt heo,https://cdnv2.tgdd.vn/bhx-static/bhx/Products/Images/8781/226937/bhx/suon-cot-let-1kg_202511041611031577.jpg,https://www.bachhoaxanh.com/thit-heo/suon-cot-let-1kg,"Bách Hoá Xanh – chuỗi cửa hàng bán lẻ thực phẩm, hàng tiêu dùng, mỹ phẩm uy tín hàng đầu tại Việt Nam. Mua sắm tiện lợi, giá tốt, sản phẩm chất lượng!"
Ba rọi heo giá tốt tại Bách hoá XANH,50,,Thịt heo,https://cdnv2.tgdd.vn/bhx-static/bhx/Products/Images/8781/226834/bhx/ba-roi-heo-1kg_202510221038422310.jpg,https://www.bachhoaxanh.com/thit-heo/ba-roi-heo-1kg,"Bách Hoá Xanh – chuỗi cửa hàng bán lẻ thực phẩm, hàng tiêu dùng, mỹ phẩm uy tín hàng đầu tại Việt Nam. Mua sắm tiện lợi, giá tốt, sản phẩm chất lượng!"
Ba rọi heo giá tốt tại Bách hoá XANH,51,,Thịt heo,https://cdnv2.tgdd.vn/bhx-static/bhx/Products/Images/8781/342025/bhx/ba-roi-heo_202510301701027235.jpg,https://www.bachhoaxanh.com/thit-heo/ba-roi-heo,"Bách Hoá Xanh – chuỗi cửa hàng bán lẻ thực phẩm, hàng tiêu dùng, mỹ phẩm uy tín hàng đầu tại Việt Nam. Mua sắm tiện lợi, giá tốt, sản phẩm chất lượng!"
Ba rọi rút sườn heo nhập khẩu tại Bách hoá XANH,43,,Thịt heo,https://cdnv2.tgdd.vn/bhx-static/bhx/Products/Images/8781/275804/bhx/ba-roi-heo-nhap-khau_202511031507017089.jpg,https://www.bachhoaxanh.com/thit-heo/ba-roi-heo-nhap-khau,"Bách Hoá Xanh – chuỗi cửa hàng bán lẻ thực phẩm, hàng tiêu dùng, mỹ phẩm uy tín hàng đầu tại Việt Nam. Mua sắm tiện lợi, giá tốt, sản phẩm chất lượng!"
Thịt heo xay CP 100g tại Bách hoá XANH,12,100g,Thịt heo,https://cdnv2.tgdd.vn/bhx-static/bhx/Products/Images/8781/333450/bhx/thit-heo-xay-cp-100g_202511041615391940.jpg,https://www.bachhoaxanh.com/thit-heo/thit-heo-xay-cp-100g,"Bách Hoá Xanh – chuỗi cửa hàng bán lẻ thực phẩm, hàng tiêu dùng, mỹ phẩm uy tín hàng đầu tại Việt Nam. Mua sắm tiện lợi, giá tốt, sản phẩm chất lượng!"
Thịt heo xay CP khay 200g chất lượng tại Bách hoá XANH,25,200g,Thịt heo,https://cdnv2.tgdd.vn/bhx-static/bhx/Products/Images/8781/283165/bhx/thit-heo-xay-cp-khay-200g_202511041615328979.jpg,https://www.bachhoaxanh.com/thit-heo/thit-heo-xay-cp-khay-200g,"Bách Hoá Xanh – chuỗi cửa hàng bán lẻ thực phẩm, hàng tiêu dùng, mỹ phẩm uy tín hàng đầu tại Việt Nam. Mua sắm tiện lợi, giá tốt, sản phẩm chất lượng!"
Thịt đùi heo giá tốt tại Bách hoá XANH,46,,Thịt heo,https://cdnv2.tgdd.vn/bhx-static/bhx/Products/Images/8781/226865/bhx/thit-dui-heo-1kg_202511041612182225.jpg,https://www.bachhoaxanh.com/thit-heo/thit-dui-heo-1kg,"Bách Hoá Xanh – chuỗi cửa hàng bán lẻ thực phẩm, hàng tiêu dùng, mỹ phẩm uy tín hàng đầu tại Việt Nam. Mua sắm tiện lợi, giá tốt, sản phẩm chất lượng!"
Thịt đùi heo 300g giá tốt tại Bách hoá XANH,35,300g,Thịt heo,https://cdnv2.tgdd.vn/bhx-static/bhx/Products/Images/8781/332800/bhx/thit-dui-heo-300g_202512021317567059.jpg,https://www.bachhoaxanh.com/thit-heo/thit-dui-heo-300g,"Bách Hoá Xanh – chuỗi cửa hàng bán lẻ thực phẩm, hàng tiêu dùng, mỹ phẩm uy tín hàng đầu tại Việt Nam. Mua sắm tiện lợi, giá tốt, sản phẩm chất lượng!"
Thịt nạc heo tại Bách hoá XANH,38,,Thịt heo,https://cdnv2.tgdd.vn/bhx-static/bhx/Products/Images/8781/332827/bhx/thit-nac-heo-300g_202511041613173494.jpg,https://www.bachhoaxanh.com/thit-heo/thit-nac-heo-300g,"Bách Hoá Xanh – chuỗi cửa hàng bán lẻ thực phẩm, hàng tiêu dùng, mỹ phẩm uy tín hàng đầu tại Việt Nam. Mua sắm tiện lợi, giá tốt, sản phẩm chất lượng!"
Thịt nạc heo giá tốt tại Bách hoá XANH,42,,Thịt heo,https://cdnv2.tgdd.vn/bhx-static/bhx/Products/Images/8781/226842/bhx/nac-dam-heo-1kg_202511071045083031.jpg,https://www.bachhoaxanh.com/thit-heo/nac-dam-heo-1kg,"Bách Hoá Xanh – chuỗi cửa hàng bán lẻ thực phẩm, hàng tiêu dùng, mỹ phẩm uy tín hàng đầu tại Việt Nam. Mua sắm tiện lợi, giá tốt, sản phẩm chất lượng!"
Sườn non heo giá tốt tại Bách hoá XANH,60,,Thịt heo,https://cdnv2.tgdd.vn/bhx-static/bhx/Products/Images/8781/226856/bhx/suon-non-heo-1kg_202511031615229428.jpg,https://www.bachhoaxanh.com/thit-heo/suon-non-heo-1kg,"Bách Hoá Xanh – chuỗi cửa hàng bán lẻ thực phẩm, hàng tiêu dùng, mỹ phẩm uy tín hàng đầu tại Việt Nam. Mua sắm tiện lợi, giá tốt, sản phẩm chất lượng!"
,0,,Unknown,,https://www.bachhoaxanh.com/thit-heo/ba-roi-heo-g-khay-300g,
