Name,Category Main,Category Sub,Price,Unit,Image URL,Local Image,URL,Error
Chân giò heo nhập khẩu 300g giá tốt tại Bách hoá XANH,,Thịt heo,13500,300g,https://cdnv2.tgdd.vn/bhx-static/bhx/Products/Images/8781/226838/bhx/chan-gio-heo-tui-500g_202511031521052260.jpg,assets\bhx-images\chan-gio-heo-nhap-khau-300g-gia-tot-tai-bach-hoa-xanh.jpg,https://www.bachhoaxanh.com/thit-heo/chan-gio-heo-tui-500g,
Chân giò heo nhập khẩu giá tốt tại Bách hoá XANH,,Thịt heo,29400,,https://cdnv2.tgdd.vn/bhx-static/bhx/Products/Images/8781/233758/bhx/chan-gio-heo-nhap-khau-1kg_202511031508014310.jpg,assets\bhx-images\chan-gio-heo-nhap-khau-gia-tot-tai-bach-hoa-xanh.jpg,https://www.bachhoaxanh.com/thit-heo/chan-gio-heo-nhap-khau-1kg,
Xương que nhập khẩu đông lạnh 500g giá tốt tại Bách hoá XANH,,Thịt heo,29900,500g,https://cdnv2.tgdd.vn/bhx-static/bhx/Products/Images/8781/249017/bhx/xuong-que-heo-nhap-khau-dong-lanh-tui-500g_202511031521551395.jpg,assets\bhx-images\xuong-que-nhap-khau-dong-lanh-500g-gia-tot-tai-bach-hoa-xanh.jpg,https://www.bachhoaxanh.com/thit-heo/xuong-que-heo-nhap-khau-dong-lanh-tui-500g,
Sườn non heo nhập khẩu Brazil 300g tại Bách hoá XANH,,Thịt heo,48000,300g,https://cdnv2.tgdd.vn/bhx-static/bhx/Products/Images/8781/341819/bhx/suon-non-heo-brazil-3kg_202511031509329284.jpg,assets\bhx-images\suon-non-heo-nhap-khau-brazil-300g-tai-bach-hoa-xanh.jpg,https://www.bachhoaxanh.com/thit-heo/suon-non-heo-brazil-3kg,
Sườn cốt lết heo làm sạch 500g giá tốt tại Bách hoá XANH,,Thịt heo,64000,500g,https://cdnv2.tgdd.vn/bhx-static/bhx/Products/Images/8781/226943/bhx/suon-cot-let-tui-500g_202511041611101668.jpg,assets\bhx-images\suon-cot-let-heo-lam-sach-500g-gia-tot-tai-bach-hoa-xanh.jpg,https://www.bachhoaxanh.com/thit-heo/suon-cot-let-tui-500g,
Sườn cốt lết C.P giá tốt tại Bách hoá XANH,,Thịt heo,38400,,https://cdnv2.tgdd.vn/bhx-static/bhx/Products/Images/8781/226937/bhx/suon-cot-let-1kg_202511041611031577.jpg,assets\bhx-images\suon-cot-let-c-p-gia-tot-tai-bach-hoa-xanh.jpg,https://www.bachhoaxanh.com/thit-heo/suon-cot-let-1kg,
Ba rọi heo giá tốt tại Bách hoá XANH,,Thịt heo,50700,,https://cdnv2.tgdd.vn/bhx-static/bhx/Products/Images/8781/226834/bhx/ba-roi-heo-1kg_202510221038422310.jpg,assets\bhx-images\ba-roi-heo-gia-tot-tai-bach-hoa-xanh.jpg,https://www.bachhoaxanh.com/thit-heo/ba-roi-heo-1kg,
Ba rọi heo giá tốt tại Bách hoá XANH,,Thịt heo,51000,,https://cdnv2.tgdd.vn/bhx-static/bhx/Products/Images/8781/342025/bhx/ba-roi-heo_202510301701027235.jpg,assets\bhx-images\ba-roi-heo-gia-tot-tai-bach-hoa-xanh.jpg,https://www.bachhoaxanh.com/thit-heo/ba-roi-heo,
Ba rọi rút sườn heo nhập khẩu tại Bách hoá XANH,,Thịt heo,43500,,https://cdnv2.tgdd.vn/bhx-static/bhx/Products/Images/8781/275804/bhx/ba-roi-heo-nhap-khau_202511031507017089.jpg,assets\bhx-images\ba-roi-rut-suon-heo-nhap-khau-tai-bach-hoa-xanh.jpg,https://www.bachhoaxanh.com/thit-heo/ba-roi-heo-nhap-khau,
Thịt heo xay CP 100g tại Bách hoá XANH,,Thịt heo,12500,100g,https://cdnv2.tgdd.vn/bhx-static/bhx/Products/Images/8781/333450/bhx/thit-heo-xay-cp-100g_202511041615391940.jpg,assets\bhx-images\thit-heo-xay-cp-100g-tai-bach-hoa-xanh.jpg,https://www.bachhoaxanh.com/thit-heo/thit-heo-xay-cp-100g,
Thịt heo xay CP khay 200g chất lượng tại Bách hoá XANH,,Thịt heo,25000,200g,https://cdnv2.tgdd.vn/bhx-static/bhx/Products/Images/8781/283165/bhx/thit-heo-xay-cp-khay-200g_202511041615328979.jpg,assets\bhx-images\thit-heo-xay-cp-khay-200g-chat-luong-tai-bach-hoa-xanh.jpg,https://www.bachhoaxanh.com/thit-heo/thit-heo-xay-cp-khay-200g,
Thịt đùi heo giá tốt tại Bách hoá XANH,,Thịt heo,46400,,https://cdnv2.tgdd.vn/bhx-static/bhx/Products/Images/8781/226865/bhx/thit-dui-heo-1kg_202511041612182225.jpg,assets\bhx-images\thit-dui-heo-gia-tot-tai-bach-hoa-xanh.jpg,https://www.bachhoaxanh.com/thit-heo/thit-dui-heo-1kg,
Thịt đùi heo 300g giá tốt tại Bách hoá XANH,,Thịt heo,35000,300g,https://cdnv2.tgdd.vn/bhx-static/bhx/Products/Images/8781/332800/bhx/thit-dui-heo-300g_202512021317567059.jpg,assets\bhx-images\thit-dui-heo-300g-gia-tot-tai-bach-hoa-xanh.jpg,https://www.bachhoaxanh.com/thit-heo/thit-dui-heo-300g,
Thịt nạc heo tại Bách hoá XANH,,Thịt heo,38700,,https://cdnv2.tgdd.vn/bhx-static/bhx/Products/Images/8781/332827/bhx/thit-nac-heo-300g_202511041613173494.jpg,assets\bhx-images\thit-nac-heo-tai-bach-hoa-xanh.jpg,https://www.bachhoaxanh.com/thit-heo/thit-nac-heo-300g,
Thịt nạc heo giá tốt tại Bách hoá XANH,,Thịt heo,42600,,https://cdnv2.tgdd.vn/bhx-static/bhx/Products/Images/8781/226842/bhx/nac-dam-heo-1kg_202511071045083031.jpg,assets\bhx-images\thit-nac-heo-gia-tot-tai-bach-hoa-xanh.jpg,https://www.bachhoaxanh.com/thit-heo/nac-dam-heo-1kg,
Sườn non heo giá tốt tại Bách hoá XANH,,Thịt heo,60300,,https://cdnv2.tgdd.vn/bhx-static/bhx/Products/Images/8781/226856/bhx/suon-non-heo-1kg_202511031615229428.jpg,assets\bhx-images\suon-non-heo-gia-tot-tai-bach-hoa-xanh.jpg,https://www.bachhoaxanh.com/thit-heo/suon-non-heo-1kg,
N/A,,thit-bo,,,,,https://www.bachhoaxanh.com/thit-bo/thit-bo-nhap-khau,
N/A,,thit-bo,,,,,https://www.bachhoaxanh.com/thit-bo/thit-bo-nhap-khau-500g,
N/A,,thit-bo,,,,,https://www.bachhoaxanh.com/thit-bo/thit-bo-nhap-khau-1kg,
N/A,,thit-bo,,,,,https://www.bachhoaxanh.com/thit-bo/thit-bo-nhap-khau-300g,
N/A,,thit-bo,,,,,https://www.bachhoaxanh.com/thit-bo/thit-bo-nhap-khau-hop-6,
N/A,,thit-bo,,,,,https://www.bachhoaxanh.com/thit-bo/thit-bo-nhap-khau-lon-330ml,
N/A,,thit-bo,,,,,https://www.bachhoaxanh.com/thit-bo/thit-bo-nhap-khau-chai-1-5l,
N/A,,thit-bo,,,,,https://www.bachhoaxanh.com/thit-bo/thit-bo-uc,
N/A,,thit-bo,,,,,https://www.bachhoaxanh.com/thit-bo/thit-bo-uc-500g,
N/A,,thit-bo,,,,,https://www.bachhoaxanh.com/thit-bo/thit-bo-uc-1kg,
N/A,,thit-bo,,,,,https://www.bachhoaxanh.com/thit-bo/thit-bo-uc-300g,
N/A,,thit-bo,,,,,https://www.bachhoaxanh.com/thit-bo/thit-bo-uc-hop-6,
N/A,,thit-bo,,,,,https://www.bachhoaxanh.com/thit-bo/thit-bo-uc-lon-330ml,
N/A,,thit-bo,,,,,https://www.bachhoaxanh.com/thit-bo/thit-bo-uc-chai-1-5l,
N/A,,thit-bo,,,,,https://www.bachhoaxanh.com/thit-bo/thit-bo-my,
N/A,,thit-bo,,,,,https://www.bachhoaxanh.com/thit-bo/thit-bo-my-500g,
N/A,,thit-bo,,,,,https://www.bachhoaxanh.com/thit-bo/thit-bo-my-1kg,
N/A,,thit-bo,,,,,https://www.bachhoaxanh.com/thit-bo/thit-bo-my-300g,
N/A,,thit-bo,,,,,https://www.bachhoaxanh.com/thit-bo/thit-bo-my-hop-6,
N/A,,thit-bo,,,,,https://www.bachhoaxanh.com/thit-bo/thit-bo-my-lon-330ml,
N/A,,thit-bo,,,,,https://www.bachhoaxanh.com/thit-bo/thit-bo-my-chai-1-5l,
N/A,,thit-bo,,,,,https://www.bachhoaxanh.com/thit-bo/suon-bo,
N/A,,thit-bo,,,,,https://www.bachhoaxanh.com/thit-bo/suon-bo-500g,
N/A,,thit-bo,,,,,https://www.bachhoaxanh.com/thit-bo/suon-bo-1kg,
N/A,,thit-bo,,,,,https://www.bachhoaxanh.com/thit-bo/suon-bo-300g,
N/A,,thit-bo,,,,,https://www.bachhoaxanh.com/thit-bo/suon-bo-hop-6,
N/A,,thit-bo,,,,,https://www.bachhoaxanh.com/thit-bo/suon-bo-lon-330ml,
N/A,,thit-bo,,,,,https://www.bachhoaxanh.com/thit-bo/suon-bo-chai-1-5l,
N/A,,thit-bo,,,,,https://www.bachhoaxanh.com/thit-bo/ba-chi-bo,
N/A,,thit-bo,,,,,https://www.bachhoaxanh.com/thit-bo/ba-chi-bo-500g,
N/A,,thit-bo,,,,,https://www.bachhoaxanh.com/thit-bo/ba-chi-bo-1kg,
N/A,,thit-bo,,,,,https://www.bachhoaxanh.com/thit-bo/ba-chi-bo-300g,
N/A,,thit-bo,,,,,https://www.bachhoaxanh.com/thit-bo/ba-chi-bo-hop-6,
N/A,,thit-bo,,,,,https://www.bachhoaxanh.com/thit-bo/ba-chi-bo-lon-330ml,
N/A,,thit-bo,,,,,https://www.bachhoaxanh.com/thit-bo/ba-chi-bo-chai-1-5l,
N/A,,thit-bo,,,,,https://www.bachhoaxanh.com/thit-bo/dui-bo,
N/A,,thit-bo,,,,,https://www.bachhoaxanh.com/thit-bo/dui-bo-500g,
N/A,,thit-bo,,,,,https://www.bachhoaxanh.com/thit-bo/dui-bo-1kg,
Đùi bò Úc giá tốt tại Bách hoá XANH,,Thịt bò,79500,,https://cdnv2.tgdd.vn/bhx-static/bhx/Products/Images/8139/332829/bhx/233960_202512041320132576.jpg,assets\bhx-images\dui-bo-uc-gia-tot-tai-bach-hoa-xanh.jpg,https://www.bachhoaxanh.com/thit-bo/dui-bo-300g,
N/A,,thit-bo,,,,,https://www.bachhoaxanh.com/thit-bo/dui-bo-hop-6,
N/A,,thit-bo,,,,,https://www.bachhoaxanh.com/thit-bo/dui-bo-lon-330ml,
N/A,,thit-bo,,,,,https://www.bachhoaxanh.com/thit-bo/dui-bo-chai-1-5l,
N/A,,thit-ga,,,,,https://www.bachhoaxanh.com/thit-ga/thit-ga-ta,
N/A,,thit-ga,,,,,https://www.bachhoaxanh.com/thit-ga/thit-ga-ta-500g,
N/A,,thit-ga,,,,,https://www.bachhoaxanh.com/thit-ga/thit-ga-ta-1kg,
N/A,,thit-ga,,,,,https://www.bachhoaxanh.com/thit-ga/thit-ga-ta-300g,
N/A,,thit-ga,,,,,https://www.bachhoaxanh.com/thit-ga/thit-ga-ta-hop-6,
N/A,,thit-ga,,,,,https://www.bachhoaxanh.com/thit-ga/thit-ga-ta-lon-330ml,
N/A,,thit-ga,,,,,https://www.bachhoaxanh.com/thit-ga/thit-ga-ta-chai-1-5l,
N/A,,thit-ga,,,,,https://www.bachhoaxanh.com/thit-ga/thit-ga-cong-nghiep,
N/A,,thit-ga,,,,,https://www.bachhoaxanh.com/thit-ga/thit-ga-cong-nghiep-500g,
N/A,,thit-ga,,,,,https://www.bachhoaxanh.com/thit-ga/thit-ga-cong-nghiep-1kg,
N/A,,thit-ga,,,,,https://www.bachhoaxanh.com/thit-ga/thit-ga-cong-nghiep-300g,
N/A,,thit-ga,,,,,https://www.bachhoaxanh.com/thit-ga/thit-ga-cong-nghiep-hop-6,
N/A,,thit-ga,,,,,https://www.bachhoaxanh.com/thit-ga/thit-ga-cong-nghiep-lon-330ml,
N/A,,thit-ga,,,,,https://www.bachhoaxanh.com/thit-ga/thit-ga-cong-nghiep-chai-1-5l,
N/A,,thit-ga,,,,,https://www.bachhoaxanh.com/thit-ga/canh-ga,
Cánh gà 500g giá tốt tại Bách hoá XANH,,"Thịt gà, vịt",61500,500g,https://cdnv2.tgdd.vn/bhx-static/bhx/Products/Images/8790/332832/bhx/thumb-canh-ga_202511031634200083.jpg,assets\bhx-images\canh-ga-500g-gia-tot-tai-bach-hoa-xanh.jpg,https://www.bachhoaxanh.com/thit-ga/canh-ga-500g,
Cánh gà giá tốt tại Bách hoá XANH,,"Thịt gà, vịt",29700,,https://cdnv2.tgdd.vn/bhx-static/bhx/Products/Images/8790/226874/bhx/thumb-canh-ga_202511031634075326.jpg,assets\bhx-images\canh-ga-gia-tot-tai-bach-hoa-xanh.jpg,https://www.bachhoaxanh.com/thit-ga/canh-ga-1kg,
N/A,,thit-ga,,,,,https://www.bachhoaxanh.com/thit-ga/canh-ga-300g,
N/A,,thit-ga,,,,,https://www.bachhoaxanh.com/thit-ga/canh-ga-hop-6,
N/A,,thit-ga,,,,,https://www.bachhoaxanh.com/thit-ga/canh-ga-lon-330ml,
N/A,,thit-ga,,,,,https://www.bachhoaxanh.com/thit-ga/canh-ga-chai-1-5l,
N/A,,thit-ga,,,,,https://www.bachhoaxanh.com/thit-ga/dui-ga,
N/A,,thit-ga,,,,,https://www.bachhoaxanh.com/thit-ga/dui-ga-500g,
N/A,,thit-ga,,,,,https://www.bachhoaxanh.com/thit-ga/dui-ga-1kg,
N/A,,thit-ga,,,,,https://www.bachhoaxanh.com/thit-ga/dui-ga-300g,
N/A,,thit-ga,,,,,https://www.bachhoaxanh.com/thit-ga/dui-ga-hop-6,
N/A,,thit-ga,,,,,https://www.bachhoaxanh.com/thit-ga/dui-ga-lon-330ml,
N/A,,thit-ga,,,,,https://www.bachhoaxanh.com/thit-ga/dui-ga-chai-1-5l,
N/A,,thit-ga,,,,,https://www.bachhoaxanh.com/thit-ga/uc-ga,
N/A,,thit-ga,,,,,https://www.bachhoaxanh.com/thit-ga/uc-ga-500g,
N/A,,thit-ga,,,,,https://www.bachhoaxanh.com/thit-ga/uc-ga-1kg,
N/A,,thit-ga,,,,,https://www.bachhoaxanh.com/thit-ga/uc-ga-300g,
N/A,,thit-ga,,,,,https://www.bachhoaxanh.com/thit-ga/uc-ga-hop-6,
N/A,,thit-ga,,,,,https://www.bachhoaxanh.com/thit-ga/uc-ga-lon-330ml,
N/A,,thit-ga,,,,,https://www.bachhoaxanh.com/thit-ga/uc-ga-chai-1-5l,
N/A,,ca-tom-muc-ech,,,,,https://www.bachhoaxanh.com/ca-tom-muc-ech/ca-hoi,
N/A,,ca-tom-muc-ech,,,,,https://www.bachhoaxanh.com/ca-tom-muc-ech/ca-hoi-500g,
N/A,,ca-tom-muc-ech,,,,,https://www.bachhoaxanh.com/ca-tom-muc-ech/ca-hoi-1kg,
N/A,,ca-tom-muc-ech,,,,,https://www.bachhoaxanh.com/ca-tom-muc-ech/ca-hoi-300g,
N/A,,ca-tom-muc-ech,,,,,https://www.bachhoaxanh.com/ca-tom-muc-ech/ca-hoi-hop-6,
N/A,,ca-tom-muc-ech,,,,,https://www.bachhoaxanh.com/ca-tom-muc-ech/ca-hoi-lon-330ml,
N/A,,ca-tom-muc-ech,,,,,https://www.bachhoaxanh.com/ca-tom-muc-ech/ca-hoi-chai-1-5l,
N/A,,ca-tom-muc-ech,,,,,https://www.bachhoaxanh.com/ca-tom-muc-ech/ca-thu,
N/A,,ca-tom-muc-ech,,,,,https://www.bachhoaxanh.com/ca-tom-muc-ech/ca-thu-500g,
N/A,,ca-tom-muc-ech,,,,,https://www.bachhoaxanh.com/ca-tom-muc-ech/ca-thu-1kg,
N/A,,ca-tom-muc-ech,,,,,https://www.bachhoaxanh.com/ca-tom-muc-ech/ca-thu-300g,
N/A,,ca-tom-muc-ech,,,,,https://www.bachhoaxanh.com/ca-tom-muc-ech/ca-thu-hop-6,
N/A,,ca-tom-muc-ech,,,,,https://www.bachhoaxanh.com/ca-tom-muc-ech/ca-thu-lon-330ml,
N/A,,ca-tom-muc-ech,,,,,https://www.bachhoaxanh.com/ca-tom-muc-ech/ca-thu-chai-1-5l,
N/A,,ca-tom-muc-ech,,,,,https://www.bachhoaxanh.com/ca-tom-muc-ech/tom-su,
N/A,,ca-tom-muc-ech,,,,,https://www.bachhoaxanh.com/ca-tom-muc-ech/tom-su-500g,
Tôm sú giá rẻ tại Bách hoá XANH,,"Cá, hải sản",175000,,https://cdnv2.tgdd.vn/bhx-static/bhx/Products/Images/8782/233735/bhx/tom-su-1kg_202504121937460698.jpg,assets\bhx-images\tom-su-gia-re-tai-bach-hoa-xanh.jpg,https://www.bachhoaxanh.com/ca-tom-muc-ech/tom-su-1kg,
N/A,,ca-tom-muc-ech,,,,,https://www.bachhoaxanh.com/ca-tom-muc-ech/tom-su-300g,
N/A,,ca-tom-muc-ech,,,,,https://www.bachhoaxanh.com/ca-tom-muc-ech/tom-su-hop-6,
N/A,,ca-tom-muc-ech,,,,,https://www.bachhoaxanh.com/ca-tom-muc-ech/tom-su-lon-330ml,
N/A,,ca-tom-muc-ech,,,,,https://www.bachhoaxanh.com/ca-tom-muc-ech/tom-su-chai-1-5l,
N/A,,ca-tom-muc-ech,,,,,https://www.bachhoaxanh.com/ca-tom-muc-ech/tom-sot,
N/A,,ca-tom-muc-ech,,,,,https://www.bachhoaxanh.com/ca-tom-muc-ech/tom-sot-500g,
N/A,,ca-tom-muc-ech,,,,,https://www.bachhoaxanh.com/ca-tom-muc-ech/tom-sot-1kg,
N/A,,ca-tom-muc-ech,,,,,https://www.bachhoaxanh.com/ca-tom-muc-ech/tom-sot-300g,
N/A,,ca-tom-muc-ech,,,,,https://www.bachhoaxanh.com/ca-tom-muc-ech/tom-sot-hop-6,
N/A,,ca-tom-muc-ech,,,,,https://www.bachhoaxanh.com/ca-tom-muc-ech/tom-sot-lon-330ml,
N/A,,ca-tom-muc-ech,,,,,https://www.bachhoaxanh.com/ca-tom-muc-ech/tom-sot-chai-1-5l,
N/A,,ca-tom-muc-ech,,,,,https://www.bachhoaxanh.com/ca-tom-muc-ech/muc-ong,
N/A,,ca-tom-muc-ech,,,,,https://www.bachhoaxanh.com/ca-tom-muc-ech/muc-ong-500g,
Mực ống giá rẻ tại Bách hoá XANH,,"Cá, hải sản",34350,,https://cdnv2.tgdd.vn/bhx-static/bhx/Products/Images/8782/233753/bhx/muc-ong-1kg_202504121947109207.jpg,assets\bhx-images\muc-ong-gia-re-tai-bach-hoa-xanh.jpg,https://www.bachhoaxanh.com/ca-tom-muc-ech/muc-ong-1kg,
N/A,,ca-tom-muc-ech,,,,,https://www.bachhoaxanh.com/ca-tom-muc-ech/muc-ong-300g,
N/A,,ca-tom-muc-ech,,,,,https://www.bachhoaxanh.com/ca-tom-muc-ech/muc-ong-hop-6,
N/A,,ca-tom-muc-ech,,,,,https://www.bachhoaxanh.com/ca-tom-muc-ech/muc-ong-lon-330ml,
N/A,,ca-tom-muc-ech,,,,,https://www.bachhoaxanh.com/ca-tom-muc-ech/muc-ong-chai-1-5l,
N/A,,ca-tom-muc-ech,,,,,https://www.bachhoaxanh.com/ca-tom-muc-ech/ca-tra,
N/A,,ca-tom-muc-ech,,,,,https://www.bachhoaxanh.com/ca-tom-muc-ech/ca-tra-500g,
N/A,,ca-tom-muc-ech,,,,,https://www.bachhoaxanh.com/ca-tom-muc-ech/ca-tra-1kg,
N/A,,ca-tom-muc-ech,,,,,https://www.bachhoaxanh.com/ca-tom-muc-ech/ca-tra-300g,
N/A,,ca-tom-muc-ech,,,,,https://www.bachhoaxanh.com/ca-tom-muc-ech/ca-tra-hop-6,
N/A,,ca-tom-muc-ech,,,,,https://www.bachhoaxanh.com/ca-tom-muc-ech/ca-tra-lon-330ml,
N/A,,ca-tom-muc-ech,,,,,https://www.bachhoaxanh.com/ca-tom-muc-ech/ca-tra-chai-1-5l,
N/A,,trai-cay,,,,,https://www.bachhoaxanh.com/trai-cay/tao,
N/A,,trai-cay,,,,,https://www.bachhoaxanh.com/trai-cay/tao-500g,
N/A,,trai-cay,,,,,https://www.bachhoaxanh.com/trai-cay/tao-1kg,
N/A,,trai-cay,,,,,https://www.bachhoaxanh.com/trai-cay/tao-300g,
N/A,,trai-cay,,,,,https://www.bachhoaxanh.com/trai-cay/tao-hop-6,
N/A,,trai-cay,,,,,https://www.bachhoaxanh.com/trai-cay/tao-lon-330ml,
N/A,,trai-cay,,,,,https://www.bachhoaxanh.com/trai-cay/tao-chai-1-5l,
N/A,,trai-cay,,,,,https://www.bachhoaxanh.com/trai-cay/cam,
N/A,,trai-cay,,,,,https://www.bachhoaxanh.com/trai-cay/cam-500g,
N/A,,trai-cay,,,,,https://www.bachhoaxanh.com/trai-cay/cam-1kg,
N/A,,trai-cay,,,,,https://www.bachhoaxanh.com/trai-cay/cam-300g,
N/A,,trai-cay,,,,,https://www.bachhoaxanh.com/trai-cay/cam-hop-6,
N/A,,trai-cay,,,,,https://www.bachhoaxanh.com/trai-cay/cam-lon-330ml,
N/A,,trai-cay,,,,,https://www.bachhoaxanh.com/trai-cay/cam-chai-1-5l,
N/A,,trai-cay,,,,,https://www.bachhoaxanh.com/trai-cay/xoai,
N/A,,trai-cay,,,,,https://www.bachhoaxanh.com/trai-cay/xoai-500g,
N/A,,trai-cay,,,,,https://www.bachhoaxanh.com/trai-cay/xoai-1kg,
N/A,,trai-cay,,,,,https://www.bachhoaxanh.com/trai-cay/xoai-300g,
N/A,,trai-cay,,,,,https://www.bachhoaxanh.com/trai-cay/xoai-hop-6,
N/A,,trai-cay,,,,,https://www.bachhoaxanh.com/trai-cay/xoai-lon-330ml,
N/A,,trai-cay,,,,,https://www.bachhoaxanh.com/trai-cay/xoai-chai-1-5l,
N/A,,trai-cay,,,,,https://www.bachhoaxanh.com/trai-cay/chuoi,
N/A,,trai-cay,,,,,https://www.bachhoaxanh.com/trai-cay/chuoi-500g,
N/A,,trai-cay,,,,,https://www.bachhoaxanh.com/trai-cay/chuoi-1kg,
N/A,,trai-cay,,,,,https://www.bachhoaxanh.com/trai-cay/chuoi-300g,
N/A,,trai-cay,,,,,https://www.bachhoaxanh.com/trai-cay/chuoi-hop-6,
N/A,,trai-cay,,,,,https://www.bachhoaxanh.com/trai-cay/chuoi-lon-330ml,
N/A,,trai-cay,,,,,https://www.bachhoaxanh.com/trai-cay/chuoi-chai-1-5l,
N/A,,trai-cay,,,,,https://www.bachhoaxanh.com/trai-cay/nho,
N/A,,trai-cay,,,,,https://www.bachhoaxanh.com/trai-cay/nho-500g,
N/A,,trai-cay,,,,,https://www.bachhoaxanh.com/trai-cay/nho-1kg,
N/A,,trai-cay,,,,,https://www.bachhoaxanh.com/trai-cay/nho-300g,
N/A,,trai-cay,,,,,https://www.bachhoaxanh.com/trai-cay/nho-hop-6,
N/A,,trai-cay,,,,,https://www.bachhoaxanh.com/trai-cay/nho-lon-330ml,
N/A,,trai-cay,,,,,https://www.bachhoaxanh.com/trai-cay/nho-chai-1-5l,
N/A,,trai-cay,,,,,https://www.bachhoaxanh.com/trai-cay/dua-hau,
N/A,,trai-cay,,,,,https://www.bachhoaxanh.com/trai-cay/dua-hau-500g,
N/A,,trai-cay,,,,,https://www.bachhoaxanh.com/trai-cay/dua-hau-1kg,
N/A,,trai-cay,,,,,https://www.bachhoaxanh.com/trai-cay/dua-hau-300g,
N/A,,trai-cay,,,,,https://www.bachhoaxanh.com/trai-cay/dua-hau-hop-6,
N/A,,trai-cay,,,,,https://www.bachhoaxanh.com/trai-cay/dua-hau-lon-330ml,
N/A,,trai-cay,,,,,https://www.bachhoaxanh.com/trai-cay/dua-hau-chai-1-5l,
N/A,,trai-cay,,,,,https://www.bachhoaxanh.com/trai-cay/oi,
N/A,,trai-cay,,,,,https://www.bachhoaxanh.com/trai-cay/oi-500g,
N/A,,trai-cay,,,,,https://www.bachhoaxanh.com/trai-cay/oi-1kg,
N/A,,trai-cay,,,,,https://www.bachhoaxanh.com/trai-cay/oi-300g,
N/A,,trai-cay,,,,,https://www.bachhoaxanh.com/trai-cay/oi-hop-6,
N/A,,trai-cay,,,,,https://www.bachhoaxanh.com/trai-cay/oi-lon-330ml,
N/A,,trai-cay,,,,,https://www.bachhoaxanh.com/trai-cay/oi-chai-1-5l,
N/A,,trai-cay,,,,,https://www.bachhoaxanh.com/trai-cay/thanh-long,
N/A,,trai-cay,,,,,https://www.bachhoaxanh.com/trai-cay/thanh-long-500g,
N/A,,trai-cay,,,,,https://www.bachhoaxanh.com/trai-cay/thanh-long-1kg,
N/A,,trai-cay,,,,,https://www.bachhoaxanh.com/trai-cay/thanh-long-300g,
N/A,,trai-cay,,,,,https://www.bachhoaxanh.com/trai-cay/thanh-long-hop-6,
N/A,,trai-cay,,,,,https://www.bachhoaxanh.com/trai-cay/thanh-long-lon-330ml,
N/A,,trai-cay,,,,,https://www.bachhoaxanh.com/trai-cay/thanh-long-chai-1-5l,
N/A,,trai-cay,,,,,https://www.bachhoaxanh.com/trai-cay/buoi,
N/A,,trai-cay,,,,,https://www.bachhoaxanh.com/trai-cay/buoi-500g,
N/A,,trai-cay,,,,,https://www.bachhoaxanh.com/trai-cay/buoi-1kg,
N/A,,trai-cay,,,,,https://www.bachhoaxanh.com/trai-cay/buoi-300g,
N/A,,trai-cay,,,,,https://www.bachhoaxanh.com/trai-cay/buoi-hop-6,
N/A,,trai-cay,,,,,https://www.bachhoaxanh.com/trai-cay/buoi-lon-330ml,
N/A,,trai-cay,,,,,https://www.bachhoaxanh.com/trai-cay/buoi-chai-1-5l,
N/A,,rau,,,,,https://www.bachhoaxanh.com/rau/rau-muong,
N/A,,rau,,,,,https://www.bachhoaxanh.com/rau/rau-muong-500g,
N/A,,rau,,,,,https://www.bachhoaxanh.com/rau/rau-muong-1kg,
N/A,,rau,,,,,https://www.bachhoaxanh.com/rau/rau-muong-300g,
N/A,,rau,,,,,https://www.bachhoaxanh.com/rau/rau-muong-hop-6,
N/A,,rau,,,,,https://www.bachhoaxanh.com/rau/rau-muong-lon-330ml,
N/A,,rau,,,,,https://www.bachhoaxanh.com/rau/rau-muong-chai-1-5l,
N/A,,rau,,,,,https://www.bachhoaxanh.com/rau/rau-cai,
N/A,,rau,,,,,https://www.bachhoaxanh.com/rau/rau-cai-500g,
N/A,,rau,,,,,https://www.bachhoaxanh.com/rau/rau-cai-1kg,
N/A,,rau,,,,,https://www.bachhoaxanh.com/rau/rau-cai-300g,
N/A,,rau,,,,,https://www.bachhoaxanh.com/rau/rau-cai-hop-6,
N/A,,rau,,,,,https://www.bachhoaxanh.com/rau/rau-cai-lon-330ml,
N/A,,rau,,,,,https://www.bachhoaxanh.com/rau/rau-cai-chai-1-5l,
N/A,,rau,,,,,https://www.bachhoaxanh.com/rau/rau-den,
N/A,,rau,,,,,https://www.bachhoaxanh.com/rau/rau-den-500g,
N/A,,rau,,,,,https://www.bachhoaxanh.com/rau/rau-den-1kg,
N/A,,rau,,,,,https://www.bachhoaxanh.com/rau/rau-den-300g,
N/A,,rau,,,,,https://www.bachhoaxanh.com/rau/rau-den-hop-6,
N/A,,rau,,,,,https://www.bachhoaxanh.com/rau/rau-den-lon-330ml,
N/A,,rau,,,,,https://www.bachhoaxanh.com/rau/rau-den-chai-1-5l,
N/A,,rau,,,,,https://www.bachhoaxanh.com/rau/xa-lach,
N/A,,rau,,,,,https://www.bachhoaxanh.com/rau/xa-lach-500g,
N/A,,rau,,,,,https://www.bachhoaxanh.com/rau/xa-lach-1kg,
N/A,,rau,,,,,https://www.bachhoaxanh.com/rau/xa-lach-300g,
N/A,,rau,,,,,https://www.bachhoaxanh.com/rau/xa-lach-hop-6,
N/A,,rau,,,,,https://www.bachhoaxanh.com/rau/xa-lach-lon-330ml,
N/A,,rau,,,,,https://www.bachhoaxanh.com/rau/xa-lach-chai-1-5l,
N/A,,rau,,,,,https://www.bachhoaxanh.com/rau/cu-cai,
N/A,,rau,,,,,https://www.bachhoaxanh.com/rau/cu-cai-500g,
N/A,,rau,,,,,https://www.bachhoaxanh.com/rau/cu-cai-1kg,
N/A,,rau,,,,,https://www.bachhoaxanh.com/rau/cu-cai-300g,
N/A,,rau,,,,,https://www.bachhoaxanh.com/rau/cu-cai-hop-6,
N/A,,rau,,,,,https://www.bachhoaxanh.com/rau/cu-cai-lon-330ml,
N/A,,rau,,,,,https://www.bachhoaxanh.com/rau/cu-cai-chai-1-5l,
N/A,,gao,,,,,https://www.bachhoaxanh.com/gao/gao-st25,
N/A,,gao,,,,,https://www.bachhoaxanh.com/gao/gao-st25-500g,
N/A,,gao,,,,,https://www.bachhoaxanh.com/gao/gao-st25-1kg,
N/A,,gao,,,,,https://www.bachhoaxanh.com/gao/gao-st25-300g,
N/A,,gao,,,,,https://www.bachhoaxanh.com/gao/gao-st25-hop-6,
N/A,,gao,,,,,https://www.bachhoaxanh.com/gao/gao-st25-lon-330ml,
N/A,,gao,,,,,https://www.bachhoaxanh.com/gao/gao-st25-chai-1-5l,
N/A,,gao,,,,,https://www.bachhoaxanh.com/gao/gao-jasmine,
N/A,,gao,,,,,https://www.bachhoaxanh.com/gao/gao-jasmine-500g,
N/A,,gao,,,,,https://www.bachhoaxanh.com/gao/gao-jasmine-1kg,
N/A,,gao,,,,,https://www.bachhoaxanh.com/gao/gao-jasmine-300g,
N/A,,gao,,,,,https://www.bachhoaxanh.com/gao/gao-jasmine-hop-6,
N/A,,gao,,,,,https://www.bachhoaxanh.com/gao/gao-jasmine-lon-330ml,
N/A,,gao,,,,,https://www.bachhoaxanh.com/gao/gao-jasmine-chai-1-5l,
N/A,,gao,,,,,https://www.bachhoaxanh.com/gao/gao-thom,
N/A,,gao,,,,,https://www.bachhoaxanh.com/gao/gao-thom-500g,
N/A,,gao,,,,,https://www.bachhoaxanh.com/gao/gao-thom-1kg,
N/A,,gao,,,,,https://www.bachhoaxanh.com/gao/gao-thom-300g,
N/A,,gao,,,,,https://www.bachhoaxanh.com/gao/gao-thom-hop-6,
N/A,,gao,,,,,https://www.bachhoaxanh.com/gao/gao-thom-lon-330ml,
N/A,,gao,,,,,https://www.bachhoaxanh.com/gao/gao-thom-chai-1-5l,
N/A,,gao,,,,,https://www.bachhoaxanh.com/gao/gao-tam,
N/A,,gao,,,,,https://www.bachhoaxanh.com/gao/gao-tam-500g,
N/A,,gao,,,,,https://www.bachhoaxanh.com/gao/gao-tam-1kg,
N/A,,gao,,,,,https://www.bachhoaxanh.com/gao/gao-tam-300g,
N/A,,gao,,,,,https://www.bachhoaxanh.com/gao/gao-tam-hop-6,
N/A,,gao,,,,,https://www.bachhoaxanh.com/gao/gao-tam-lon-330ml,
N/A,,gao,,,,,https://www.bachhoaxanh.com/gao/gao-tam-chai-1-5l,
N/A,,gao,,,,,https://www.bachhoaxanh.com/gao/nep-than,
N/A,,gao,,,,,https://www.bachhoaxanh.com/gao/nep-than-500g,
N/A,,gao,,,,,https://www.bachhoaxanh.com/gao/nep-than-1kg,
N/A,,gao,,,,,https://www.bachhoaxanh.com/gao/nep-than-300g,
N/A,,gao,,,,,https://www.bachhoaxanh.com/gao/nep-than-hop-6,
N/A,,gao,,,,,https://www.bachhoaxanh.com/gao/nep-than-lon-330ml,
N/A,,gao,,,,,https://www.bachhoaxanh.com/gao/nep-than-chai-1-5l,
N/A,,dau-an,,,,,https://www.bachhoaxanh.com/dau-an/dau-an-simply,
N/A,,dau-an,,,,,https://www.bachhoaxanh.com/dau-an/dau-an-simply-500g,
N/A,,dau-an,,,,,https://www.bachhoaxanh.com/dau-an/dau-an-simply-1kg,
N/A,,dau-an,,,,,https://www.bachhoaxanh.com/dau-an/dau-an-simply-300g,
N/A,,dau-an,,,,,https://www.bachhoaxanh.com/dau-an/dau-an-simply-hop-6,
N/A,,dau-an,,,,,https://www.bachhoaxanh.com/dau-an/dau-an-simply-lon-330ml,
N/A,,dau-an,,,,,https://www.bachhoaxanh.com/dau-an/dau-an-simply-chai-1-5l,
N/A,,dau-an,,,,,https://www.bachhoaxanh.com/dau-an/dau-an-neptune,
N/A,,dau-an,,,,,https://www.bachhoaxanh.com/dau-an/dau-an-neptune-500g,
N/A,,dau-an,,,,,https://www.bachhoaxanh.com/dau-an/dau-an-neptune-1kg,
N/A,,dau-an,,,,,https://www.bachhoaxanh.com/dau-an/dau-an-neptune-300g,
N/A,,dau-an,,,,,https://www.bachhoaxanh.com/dau-an/dau-an-neptune-hop-6,
N/A,,dau-an,,,,,https://www.bachhoaxanh.com/dau-an/dau-an-neptune-lon-330ml,
N/A,,dau-an,,,,,https://www.bachhoaxanh.com/dau-an/dau-an-neptune-chai-1-5l,
N/A,,dau-an,,,,,https://www.bachhoaxanh.com/dau-an/dau-oliu,
N/A,,dau-an,,,,,https://www.bachhoaxanh.com/dau-an/dau-oliu-500g,
N/A,,dau-an,,,,,https://www.bachhoaxanh.com/dau-an/dau-oliu-1kg,
N/A,,dau-an,,,,,https://www.bachhoaxanh.com/dau-an/dau-oliu-300g,
N/A,,dau-an,,,,,https://www.bachhoaxanh.com/dau-an/dau-oliu-hop-6,
N/A,,dau-an,,,,,https://www.bachhoaxanh.com/dau-an/dau-oliu-lon-330ml,
N/A,,dau-an,,,,,https://www.bachhoaxanh.com/dau-an/dau-oliu-chai-1-5l,
N/A,,nuoc-ngot,,,,,https://www.bachhoaxanh.com/nuoc-ngot/coca-cola,
N/A,,nuoc-ngot,,,,,https://www.bachhoaxanh.com/nuoc-ngot/coca-cola-500g,
N/A,,nuoc-ngot,,,,,https://www.bachhoaxanh.com/nuoc-ngot/coca-cola-1kg,
N/A,,nuoc-ngot,,,,,https://www.bachhoaxanh.com/nuoc-ngot/coca-cola-300g,
N/A,,nuoc-ngot,,,,,https://www.bachhoaxanh.com/nuoc-ngot/coca-cola-hop-6,
N/A,,nuoc-ngot,,,,,https://www.bachhoaxanh.com/nuoc-ngot/coca-cola-lon-330ml,
N/A,,nuoc-ngot,,,,,https://www.bachhoaxanh.com/nuoc-ngot/coca-cola-chai-1-5l,
N/A,,nuoc-ngot,,,,,https://www.bachhoaxanh.com/nuoc-ngot/pepsi,
N/A,,nuoc-ngot,,,,,https://www.bachhoaxanh.com/nuoc-ngot/pepsi-500g,
N/A,,nuoc-ngot,,,,,https://www.bachhoaxanh.com/nuoc-ngot/pepsi-1kg,
N/A,,nuoc-ngot,,,,,https://www.bachhoaxanh.com/nuoc-ngot/pepsi-300g,
N/A,,nuoc-ngot,,,,,https://www.bachhoaxanh.com/nuoc-ngot/pepsi-hop-6,
N/A,,nuoc-ngot,,,,,https://www.bachhoaxanh.com/nuoc-ngot/pepsi-lon-330ml,
N/A,,nuoc-ngot,,,,,https://www.bachhoaxanh.com/nuoc-ngot/pepsi-chai-1-5l,
N/A,,nuoc-ngot,,,,,https://www.bachhoaxanh.com/nuoc-ngot/sting,
N/A,,nuoc-ngot,,,,,https://www.bachhoaxanh.com/nuoc-ngot/sting-500g,
N/A,,nuoc-ngot,,,,,https://www.bachhoaxanh.com/nuoc-ngot/sting-1kg,
N/A,,nuoc-ngot,,,,,https://www.bachhoaxanh.com/nuoc-ngot/sting-300g,
N/A,,nuoc-ngot,,,,,https://www.bachhoaxanh.com/nuoc-ngot/sting-hop-6,
N/A,,nuoc-ngot,,,,,https://www.bachhoaxanh.com/nuoc-ngot/sting-lon-330ml,
N/A,,nuoc-ngot,,,,,https://www.bachhoaxanh.com/nuoc-ngot/sting-chai-1-5l,
N/A,,nuoc-ngot,,,,,https://www.bachhoaxanh.com/nuoc-ngot/revive,
N/A,,nuoc-ngot,,,,,https://www.bachhoaxanh.com/nuoc-ngot/revive-500g,
N/A,,nuoc-ngot,,,,,https://www.bachhoaxanh.com/nuoc-ngot/revive-1kg,
N/A,,nuoc-ngot,,,,,https://www.bachhoaxanh.com/nuoc-ngot/revive-300g,
N/A,,nuoc-ngot,,,,,https://www.bachhoaxanh.com/nuoc-ngot/revive-hop-6,
N/A,,nuoc-ngot,,,,,https://www.bachhoaxanh.com/nuoc-ngot/revive-lon-330ml,
N/A,,nuoc-ngot,,,,,https://www.bachhoaxanh.com/nuoc-ngot/revive-chai-1-5l,
N/A,,nuoc-ngot,,,,,https://www.bachhoaxanh.com/nuoc-ngot/7up,
N/A,,nuoc-ngot,,,,,https://www.bachhoaxanh.com/nuoc-ngot/7up-500g,
N/A,,nuoc-ngot,,,,,https://www.bachhoaxanh.com/nuoc-ngot/7up-1kg,
N/A,,nuoc-ngot,,,,,https://www.bachhoaxanh.com/nuoc-ngot/7up-300g,
N/A,,nuoc-ngot,,,,,https://www.bachhoaxanh.com/nuoc-ngot/7up-hop-6,
N/A,,nuoc-ngot,,,,,https://www.bachhoaxanh.com/nuoc-ngot/7up-lon-330ml,
N/A,,nuoc-ngot,,,,,https://www.bachhoaxanh.com/nuoc-ngot/7up-chai-1-5l,
N/A,,sua-tuoi,,,,,https://www.bachhoaxanh.com/sua-tuoi/vinamilk,
N/A,,sua-tuoi,,,,,https://www.bachhoaxanh.com/sua-tuoi/vinamilk-500g,
N/A,,sua-tuoi,,,,,https://www.bachhoaxanh.com/sua-tuoi/vinamilk-1kg,
N/A,,sua-tuoi,,,,,https://www.bachhoaxanh.com/sua-tuoi/vinamilk-300g,
N/A,,sua-tuoi,,,,,https://www.bachhoaxanh.com/sua-tuoi/vinamilk-hop-6,
N/A,,sua-tuoi,,,,,https://www.bachhoaxanh.com/sua-tuoi/vinamilk-lon-330ml,
N/A,,sua-tuoi,,,,,https://www.bachhoaxanh.com/sua-tuoi/vinamilk-chai-1-5l,
N/A,,sua-tuoi,,,,,https://www.bachhoaxanh.com/sua-tuoi/th-true-milk,
N/A,,sua-tuoi,,,,,https://www.bachhoaxanh.com/sua-tuoi/th-true-milk-500g,
N/A,,sua-tuoi,,,,,https://www.bachhoaxanh.com/sua-tuoi/th-true-milk-1kg,
N/A,,sua-tuoi,,,,,https://www.bachhoaxanh.com/sua-tuoi/th-true-milk-300g,
N/A,,sua-tuoi,,,,,https://www.bachhoaxanh.com/sua-tuoi/th-true-milk-hop-6,
N/A,,sua-tuoi,,,,,https://www.bachhoaxanh.com/sua-tuoi/th-true-milk-lon-330ml,
N/A,,sua-tuoi,,,,,https://www.bachhoaxanh.com/sua-tuoi/th-true-milk-chai-1-5l,
N/A,,sua-tuoi,,,,,https://www.bachhoaxanh.com/sua-tuoi/dutch-lady,
N/A,,sua-tuoi,,,,,https://www.bachhoaxanh.com/sua-tuoi/dutch-lady-500g,
N/A,,sua-tuoi,,,,,https://www.bachhoaxanh.com/sua-tuoi/dutch-lady-1kg,
N/A,,sua-tuoi,,,,,https://www.bachhoaxanh.com/sua-tuoi/dutch-lady-300g,
N/A,,sua-tuoi,,,,,https://www.bachhoaxanh.com/sua-tuoi/dutch-lady-hop-6,
N/A,,sua-tuoi,,,,,https://www.bachhoaxanh.com/sua-tuoi/dutch-lady-lon-330ml,
N/A,,sua-tuoi,,,,,https://www.bachhoaxanh.com/sua-tuoi/dutch-lady-chai-1-5l,
N/A,,mi-an-lien,,,,,https://www.bachhoaxanh.com/mi-an-lien/mi-hao-hao,
N/A,,mi-an-lien,,,,,https://www.bachhoaxanh.com/mi-an-lien/mi-hao-hao-500g,
N/A,,mi-an-lien,,,,,https://www.bachhoaxanh.com/mi-an-lien/mi-hao-hao-1kg,
N/A,,mi-an-lien,,,,,https://www.bachhoaxanh.com/mi-an-lien/mi-hao-hao-300g,
N/A,,mi-an-lien,,,,,https://www.bachhoaxanh.com/mi-an-lien/mi-hao-hao-hop-6,
N/A,,mi-an-lien,,,,,https://www.bachhoaxanh.com/mi-an-lien/mi-hao-hao-lon-330ml,
N/A,,mi-an-lien,,,,,https://www.bachhoaxanh.com/mi-an-lien/mi-hao-hao-chai-1-5l,
N/A,,mi-an-lien,,,,,https://www.bachhoaxanh.com/mi-an-lien/mi-omachi,
N/A,,mi-an-lien,,,,,https://www.bachhoaxanh.com/mi-an-lien/mi-omachi-500g,
N/A,,mi-an-lien,,,,,https://www.bachhoaxanh.com/mi-an-lien/mi-omachi-1kg,
N/A,,mi-an-lien,,,,,https://www.bachhoaxanh.com/mi-an-lien/mi-omachi-300g,
N/A,,mi-an-lien,,,,,https://www.bachhoaxanh.com/mi-an-lien/mi-omachi-hop-6,
N/A,,mi-an-lien,,,,,https://www.bachhoaxanh.com/mi-an-lien/mi-omachi-lon-330ml,
N/A,,mi-an-lien,,,,,https://www.bachhoaxanh.com/mi-an-lien/mi-omachi-chai-1-5l,
N/A,,mi-an-lien,,,,,https://www.bachhoaxanh.com/mi-an-lien/mi-kokomi,
N/A,,mi-an-lien,,,,,https://www.bachhoaxanh.com/mi-an-lien/mi-kokomi-500g,
N/A,,mi-an-lien,,,,,https://www.bachhoaxanh.com/mi-an-lien/mi-kokomi-1kg,
N/A,,mi-an-lien,,,,,https://www.bachhoaxanh.com/mi-an-lien/mi-kokomi-300g,
N/A,,mi-an-lien,,,,,https://www.bachhoaxanh.com/mi-an-lien/mi-kokomi-hop-6,
N/A,,mi-an-lien,,,,,https://www.bachhoaxanh.com/mi-an-lien/mi-kokomi-lon-330ml,
N/A,,mi-an-lien,,,,,https://www.bachhoaxanh.com/mi-an-lien/mi-kokomi-chai-1-5l,
N/A,,mi-an-lien,,,,,https://www.bachhoaxanh.com/mi-an-lien/mi-3-mien,
N/A,,mi-an-lien,,,,,https://www.bachhoaxanh.com/mi-an-lien/mi-3-mien-500g,
N/A,,mi-an-lien,,,,,https://www.bachhoaxanh.com/mi-an-lien/mi-3-mien-1kg,
N/A,,mi-an-lien,,,,,https://www.bachhoaxanh.com/mi-an-lien/mi-3-mien-300g,
N/A,,mi-an-lien,,,,,https://www.bachhoaxanh.com/mi-an-lien/mi-3-mien-hop-6,
N/A,,mi-an-lien,,,,,https://www.bachhoaxanh.com/mi-an-lien/mi-3-mien-lon-330ml,
N/A,,mi-an-lien,,,,,https://www.bachhoaxanh.com/mi-an-lien/mi-3-mien-chai-1-5l,
